ProductName,Category,Brand,UnitPrice
Surfboard,Home Appliances,FakeVelvetVista,705
Lawn Mower,Toys & Games,FakeLuxeAura,715
Sleeping Pad,Home & Furniture,FakeLuxeAura,863
Portable Hard Drive,Electronics,FakeZenithStyle,697
Projector,Kitchen & Dining,FakeUrbanGlow,399
Snow Shovel,Arts & Crafts,FakeEtherealEdge,839
Rain Jacket,Pets,FakeVelvetVista,732
Soap,Toys & Games,FakeZenithStyle,854
Dog Leash,Electronics,FakeUrbanGlow,850
Power Bank,Arts & Crafts,FakeUrbanGlow,524
Toy Car,Sports & Recreation,FakeZenithStyle,198
External SSD,Electronics,FakeEtherealEdge,359
Air Purifier,Arts & Crafts,FakeUrbanGlow,711
Cat Litter Box,Kitchen & Dining,FakeUrbanGlow,952
Laptop,Home Appliances,FakeLuxeAura,203
Toy Car,Home Appliances,FakeVelvetVista,820
Projector,Health & Fitness,FakeUrbanGlow,290
Dumbbells,Outdoor & Garden,FakeZenithStyle,769
BBQ Grill,Kitchen & Dining,FakeUrbanGlow,685
Blender,Pets,FakeLuxeAura,125
Blender,Home & Furniture,FakeEtherealEdge,815
Fire Pit,Kitchen & Dining,FakeVelvetVista,367
Snowboard,Toys & Games,FakeLuxeAura,179
Pet Feeder,Home & Furniture,FakeUrbanGlow,114
Dog House,Outdoor & Garden,FakeLuxeAura,357
Headphones,Sports & Recreation,FakeVelvetVista,629
Dog Leash,Toys & Games,FakeUrbanGlow,514
Wi-Fi Extender,Outdoor & Garden,FakeUrbanGlow,857
Dumbbells,Outdoor & Garden,FakeUrbanGlow,754
Puzzle,Sports & Recreation,FakeUrbanGlow,263
Speaker,Health & Fitness,FakeVelvetVista,972
Electric Car,Sports & Recreation,FakeVelvetVista,741
Cooler,Toys & Games,FakeEtherealEdge,191
Pillow,Outdoor & Garden,FakeEtherealEdge,868
Surfboard,Home Appliances,FakeLuxeAura,232
Coffee Maker,Home & Furniture,FakeVelvetVista,143
Building Blocks,Electronics,FakeVelvetVista,967
Dog House,Health & Fitness,FakeLuxeAura,846
3D Printer,Toys & Games,FakeVelvetVista,172
Laser Printer,Arts & Crafts,FakeUrbanGlow,595
Electric Shaver,Toys & Games,FakeUrbanGlow,370
Building Blocks,Pets,FakeZenithStyle,532
Air Purifier,Toys & Games,FakeVelvetVista,556
Laser Printer,Home & Furniture,FakeVelvetVista,390
Refrigerator,Home & Furniture,FakeZenithStyle,557
Laser Printer,Kitchen & Dining,FakeZenithStyle,907
BBQ Grill,Kitchen & Dining,FakeUrbanGlow,298
Golf Clubs,Arts & Crafts,FakeZenithStyle,593
Snow Shovel,Health & Fitness,FakeUrbanGlow,502
Pet Bed,Pets,FakeUrbanGlow,799
Coffee Maker,Electronics,FakeEtherealEdge,921
Soap,Arts & Crafts,FakeZenithStyle,445
Lawn Sprinkler,Kitchen & Dining,FakeLuxeAura,266
Oven,Outdoor & Garden,FakeUrbanGlow,176
Showerhead,Kitchen & Dining,FakeLuxeAura,829
Fan,Home Appliances,FakeZenithStyle,490
Tarp,Outdoor & Garden,FakeUrbanGlow,582
Bird Cage,Outdoor & Garden,FakeLuxeAura,704
BBQ Grill,Arts & Crafts,FakeLuxeAura,422
Laptop,Health & Fitness,FakeZenithStyle,885
Game Console,Electronics,FakeLuxeAura,575
Fitness Tracker,Arts & Crafts,FakeVelvetVista,285
Electric Car,Pets,FakeZenithStyle,941
Tackle Box,Arts & Crafts,FakeVelvetVista,762
Bluetooth Speaker,Electronics,FakeEtherealEdge,254
Trekking Poles,Outdoor & Garden,FakeZenithStyle,533
Smart Light,Toys & Games,FakeZenithStyle,250
Sheets,Outdoor & Garden,FakeUrbanGlow,525
Board Game,Kitchen & Dining,FakeUrbanGlow,689
Toothpaste,Pets,FakeUrbanGlow,744
Rain Jacket,Sports & Recreation,FakeEtherealEdge,206
Golf Clubs,Health & Fitness,FakeVelvetVista,549
Elliptical,Electronics,FakeVelvetVista,436
Soccer Ball,Home Appliances,FakeZenithStyle,913
Ice Skates,Pets,FakeVelvetVista,334
BBQ Grill,Outdoor & Garden,FakeLuxeAura,118
Laser Printer,Electronics,FakeZenithStyle,969
Lawn Mower,Home & Furniture,FakeVelvetVista,685
Bluetooth Speaker,Health & Fitness,FakeVelvetVista,339
Backpacking Stove,Home & Furniture,FakeVelvetVista,318
Fitness Tracker,Home Appliances,FakeUrbanGlow,255
Dog Collar,Home Appliances,FakeUrbanGlow,776
Memory Card,Sports & Recreation,FakeUrbanGlow,267
Antivirus,Home Appliances,FakeLuxeAura,443
Bird Cage,Sports & Recreation,FakeVelvetVista,933
Air Purifier,Pets,FakeLuxeAura,761
Backpacking Stove,Pets,FakeUrbanGlow,292
Juicer,Arts & Crafts,FakeUrbanGlow,726
Action Figure,Electronics,FakeVelvetVista,119
Lamp,Health & Fitness,FakeLuxeAura,442
Ski Goggles,Outdoor & Garden,FakeZenithStyle,277
Fire Pit,Electronics,FakeUrbanGlow,497
Grill,Pets,FakeUrbanGlow,640
Sleeping Pad,Sports & Recreation,FakeUrbanGlow,261
Antivirus,Health & Fitness,FakeVelvetVista,726
Fire Pit,Home & Furniture,FakeVelvetVista,326
Tablet,Health & Fitness,FakeUrbanGlow,900
Ski Goggles,Toys & Games,FakeVelvetVista,593
Laser Printer,Electronics,FakeVelvetVista,836
Soccer Ball,Arts & Crafts,FakeUrbanGlow,264
Pet Toy,Health & Fitness,FakeLuxeAura,848
Smartwatch,Arts & Crafts,FakeEtherealEdge,392
Action Figure,Sports & Recreation,FakeZenithStyle,218
Sleeping Pad,Home & Furniture,FakeUrbanGlow,641
Badminton Set,Toys & Games,FakeZenithStyle,743
Water Filter,Toys & Games,FakeEtherealEdge,157
Board Game,Pets,FakeLuxeAura,240
Sleeping Bag,Outdoor & Garden,FakeZenithStyle,852
Soccer Ball,Pets,FakeEtherealEdge,102
Basketball,Outdoor & Garden,FakeEtherealEdge,876
Dart Board,Home Appliances,FakeUrbanGlow,766
Power Bank,Pets,FakeLuxeAura,520
Fish Food,Electronics,FakeLuxeAura,966
Helmet,Electronics,FakeEtherealEdge,426
Sheets,Sports & Recreation,FakeVelvetVista,965
Air Conditioner,Home Appliances,FakeUrbanGlow,862
Washing Machine,Arts & Crafts,FakeVelvetVista,421
Building Blocks,Arts & Crafts,FakeEtherealEdge,280
BBQ Grill,Pets,FakeUrbanGlow,662
Ski Poles,Toys & Games,FakeLuxeAura,427
Suitcase,Sports & Recreation,FakeZenithStyle,190
Smart Light,Arts & Crafts,FakeZenithStyle,439
Rain Jacket,Arts & Crafts,FakeVelvetVista,971
Game Console,Arts & Crafts,FakeVelvetVista,377
Hair Dryer,Pets,FakeUrbanGlow,801
Camping Chair,Health & Fitness,FakeEtherealEdge,283
Oven,Health & Fitness,FakeZenithStyle,358
Paddleboard,Kitchen & Dining,FakeUrbanGlow,760
Sleeping Pad,Arts & Crafts,FakeLuxeAura,682
Humidifier,Sports & Recreation,FakeLuxeAura,690
Air Conditioner,Sports & Recreation,FakeVelvetVista,607
Tarp,Arts & Crafts,FakeUrbanGlow,526
Camping Tent,Pets,FakeUrbanGlow,181
Badminton Set,Sports & Recreation,FakeEtherealEdge,368
Electric Scooter,Home & Furniture,FakeEtherealEdge,382
Sewing Machine,Home & Furniture,FakeUrbanGlow,435
Dog Leash,Health & Fitness,FakeUrbanGlow,468
Cooler,Pets,FakeUrbanGlow,337
Dog Collar,Toys & Games,FakeEtherealEdge,270
Pet Carrier,Electronics,FakeZenithStyle,405
Tennis Racket,Electronics,FakeLuxeAura,205
Blender,Sports & Recreation,FakeZenithStyle,699
Tackle Box,Toys & Games,FakeUrbanGlow,283
Soccer Ball,Sports & Recreation,FakeEtherealEdge,904
3D Printer,Arts & Crafts,FakeEtherealEdge,540
External SSD,Pets,FakeEtherealEdge,543
Grill,Electronics,FakeEtherealEdge,915
Smartwatch,Arts & Crafts,FakeEtherealEdge,958
Bicycle,Home & Furniture,FakeZenithStyle,185
Puzzle,Outdoor & Garden,FakeEtherealEdge,333
Earbuds,Home Appliances,FakeVelvetVista,106
Dart Board,Kitchen & Dining,FakeEtherealEdge,133
Water Bottle,Pets,FakeZenithStyle,381
3D Printer,Pets,FakeZenithStyle,582
Smart Light,Home Appliances,FakeLuxeAura,868
Fitness Tracker,Sports & Recreation,FakeVelvetVista,187
Building Blocks,Toys & Games,FakeEtherealEdge,442
Water Bottle,Outdoor & Garden,FakeVelvetVista,287
Blender,Toys & Games,FakeZenithStyle,988
Cat Litter Box,Home Appliances,FakeVelvetVista,994
Puzzle,Outdoor & Garden,FakeVelvetVista,328
Doll,Toys & Games,FakeUrbanGlow,747
External SSD,Arts & Crafts,FakeEtherealEdge,775
Soap,Toys & Games,FakeEtherealEdge,680
Lamp,Kitchen & Dining,FakeVelvetVista,660
Hammock,Kitchen & Dining,FakeEtherealEdge,241
Garden Hose,Arts & Crafts,FakeLuxeAura,183
Camera,Sports & Recreation,FakeZenithStyle,283
Dog House,Health & Fitness,FakeUrbanGlow,380
Water Filter,Home & Furniture,FakeLuxeAura,786
Jacket,Home & Furniture,FakeVelvetVista,513
Puzzle,Kitchen & Dining,FakeEtherealEdge,281
Wi-Fi Extender,Home Appliances,FakeZenithStyle,926
Cat Litter Box,Pets,FakeUrbanGlow,867
Headphones,Sports & Recreation,FakeZenithStyle,133
Glasses,Sports & Recreation,FakeLuxeAura,672
Hair Dryer,Kitchen & Dining,FakeEtherealEdge,288
Dishwasher,Electronics,FakeVelvetVista,886
Dishwasher,Outdoor & Garden,FakeEtherealEdge,857
Sleeping Pad,Pets,FakeZenithStyle,256
Aquarium,Home & Furniture,FakeEtherealEdge,454
Showerhead,Home Appliances,FakeEtherealEdge,550
Portable Charger,Health & Fitness,FakeVelvetVista,269
Power Bank,Toys & Games,FakeUrbanGlow,523
Ice Skates,Home Appliances,FakeEtherealEdge,972
Action Figure,Electronics,FakeUrbanGlow,295
Wetsuit,Arts & Crafts,FakeUrbanGlow,507
Garden Hose,Home Appliances,FakeVelvetVista,528
Kayak,Toys & Games,FakeVelvetVista,708
Sheets,Kitchen & Dining,FakeLuxeAura,380
Patio Furniture,Home & Furniture,FakeVelvetVista,251
Fitness Tracker,Electronics,FakeLuxeAura,933
Outdoor Umbrella,Arts & Crafts,FakeEtherealEdge,177
Backpack,Sports & Recreation,FakeZenithStyle,393
Pet Bed,Outdoor & Garden,FakeZenithStyle,365
Life Jacket,Health & Fitness,FakeLuxeAura,505
Headphones,Sports & Recreation,FakeVelvetVista,807
Home Security Camera,Home Appliances,FakeVelvetVista,504
Snow Shovel,Toys & Games,FakeVelvetVista,359
Keyboard,Arts & Crafts,FakeVelvetVista,800
Bird Feeder,Pets,FakeEtherealEdge,577
Portable Hard Drive,Arts & Crafts,FakeUrbanGlow,555
Dehumidifier,Outdoor & Garden,FakeLuxeAura,982
Pillow,Home & Furniture,FakeVelvetVista,217
Fitness Tracker,Health & Fitness,FakeEtherealEdge,356
Garden Hose,Kitchen & Dining,FakeEtherealEdge,653
Router,Arts & Crafts,FakeZenithStyle,756
Bird Cage,Toys & Games,FakeUrbanGlow,867
Dog House,Arts & Crafts,FakeLuxeAura,109
Ski Goggles,Home & Furniture,FakeEtherealEdge,672
Toothpaste,Sports & Recreation,FakeZenithStyle,786
Camping Tent,Kitchen & Dining,FakeLuxeAura,507
Supplement,Pets,FakeVelvetVista,826
Trekking Poles,Electronics,FakeUrbanGlow,158
Treadmill,Home Appliances,FakeUrbanGlow,285
Supplement,Home & Furniture,FakeUrbanGlow,214
Toothpaste,Home Appliances,FakeLuxeAura,236
Pet Bed,Toys & Games,FakeLuxeAura,745
Electric Toothbrush,Pets,FakeLuxeAura,468
Dumbbells,Kitchen & Dining,FakeLuxeAura,680
Keyboard,Home & Furniture,FakeLuxeAura,419
Hammock,Sports & Recreation,FakeEtherealEdge,992
Headphones,Home Appliances,FakeEtherealEdge,392
Backpacking Stove,Home & Furniture,FakeEtherealEdge,991
Yoga Mat,Pets,FakeEtherealEdge,966
Fire Pit,Toys & Games,FakeUrbanGlow,809
Juicer,Home & Furniture,FakeZenithStyle,832
Keyboard,Pets,FakeVelvetVista,413
3D Printer,Home Appliances,FakeUrbanGlow,708
Game Console,Arts & Crafts,FakeUrbanGlow,676
Backpacking Stove,Home & Furniture,FakeVelvetVista,208
Cat Litter Box,Arts & Crafts,FakeUrbanGlow,265
Garden Tools,Sports & Recreation,FakeLuxeAura,656
Baseball Glove,Pets,FakeVelvetVista,471
Printer,Kitchen & Dining,FakeZenithStyle,667
Basketball,Outdoor & Garden,FakeLuxeAura,642
Suitcase,Pets,FakeZenithStyle,858
Toy Car,Outdoor & Garden,FakeZenithStyle,129
Fish Food,Kitchen & Dining,FakeVelvetVista,684
Smart Light,Arts & Crafts,FakeVelvetVista,419
Tablet,Health & Fitness,FakeUrbanGlow,560
Pet Carrier,Sports & Recreation,FakeLuxeAura,534
Sheets,Arts & Crafts,FakeVelvetVista,137
Kayak,Electronics,FakeLuxeAura,300
Drone,Arts & Crafts,FakeVelvetVista,978
Glasses,Home Appliances,FakeEtherealEdge,941
Air Conditioner,Outdoor & Garden,FakeLuxeAura,355
Backpacking Stove,Toys & Games,FakeVelvetVista,933
Trekking Poles,Electronics,FakeEtherealEdge,759
Stove,Kitchen & Dining,FakeZenithStyle,968
Antivirus,Toys & Games,FakeEtherealEdge,294
Suitcase,Home & Furniture,FakeLuxeAura,950
Surfboard,Home Appliances,FakeVelvetVista,329
Snowboard,Home & Furniture,FakeEtherealEdge,667
Snorkel Gear,Health & Fitness,FakeLuxeAura,981
BBQ Grill,Outdoor & Garden,FakeVelvetVista,653
Pet Bed,Kitchen & Dining,FakeVelvetVista,255
Sheets,Health & Fitness,FakeEtherealEdge,858
Doll,Kitchen & Dining,FakeEtherealEdge,672
Cat Litter Box,Kitchen & Dining,FakeVelvetVista,644
Stove,Home & Furniture,FakeLuxeAura,419
Surfboard,Pets,FakeUrbanGlow,996
Sheets,Electronics,FakeUrbanGlow,837
Home Security Camera,Kitchen & Dining,FakeLuxeAura,410
Earbuds,Health & Fitness,FakeEtherealEdge,914
Smart Thermostat,Electronics,FakeVelvetVista,164
Fish Food,Health & Fitness,FakeEtherealEdge,884
BBQ Grill,Sports & Recreation,FakeZenithStyle,754
Projector,Outdoor & Garden,FakeVelvetVista,247
Tarp,Home & Furniture,FakeZenithStyle,676
Router,Toys & Games,FakeEtherealEdge,732
Cat Litter Box,Home & Furniture,FakeZenithStyle,139
Plant Pot,Sports & Recreation,FakeVelvetVista,277
Kayak,Arts & Crafts,FakeUrbanGlow,582
Craft Kit,Health & Fitness,FakeUrbanGlow,318
Backpacking Stove,Toys & Games,FakeEtherealEdge,987
Cat Tree,Home & Furniture,FakeLuxeAura,566
Dumbbells,Pets,FakeZenithStyle,855
Kayak,Pets,FakeEtherealEdge,740
Wi-Fi Extender,Home & Furniture,FakeLuxeAura,279
Home Security Camera,Toys & Games,FakeZenithStyle,957
Sewing Machine,Arts & Crafts,FakeLuxeAura,919
Power Bank,Sports & Recreation,FakeEtherealEdge,167
Keyboard,Outdoor & Garden,FakeLuxeAura,185
Snowboard,Arts & Crafts,FakeZenithStyle,590
Wetsuit,Health & Fitness,FakeEtherealEdge,243
Kayak,Outdoor & Garden,FakeLuxeAura,974
Cat Litter Box,Sports & Recreation,FakeEtherealEdge,698
Pet Feeder,Arts & Crafts,FakeUrbanGlow,816
Lamp,Kitchen & Dining,FakeZenithStyle,627
Flashlight,Toys & Games,FakeVelvetVista,431
Ice Skates,Toys & Games,FakeVelvetVista,415
Hiking Backpack,Kitchen & Dining,FakeVelvetVista,768
Garden Hose,Home Appliances,FakeLuxeAura,598
Basketball,Electronics,FakeVelvetVista,930
Electric Kettle,Pets,FakeLuxeAura,330
Speaker,Kitchen & Dining,FakeEtherealEdge,775
Elliptical,Pets,FakeZenithStyle,267
Suitcase,Home Appliances,FakeLuxeAura,378
Golf Clubs,Home & Furniture,FakeVelvetVista,312
Fish Food,Electronics,FakeUrbanGlow,944
Bird Cage,Sports & Recreation,FakeLuxeAura,227
Garden Hose,Sports & Recreation,FakeLuxeAura,219
Life Jacket,Outdoor & Garden,FakeVelvetVista,787
Glasses,Toys & Games,FakeUrbanGlow,515
Backpacking Stove,Home & Furniture,FakeUrbanGlow,892
Building Blocks,Health & Fitness,FakeZenithStyle,345
Pet Feeder,Electronics,FakeEtherealEdge,448
External SSD,Toys & Games,FakeUrbanGlow,705
Bicycle,Home Appliances,FakeZenithStyle,631
Dumbbells,Arts & Crafts,FakeUrbanGlow,698
Bicycle,Pets,FakeLuxeAura,512
Stove,Outdoor & Garden,FakeLuxeAura,863
Ice Skates,Health & Fitness,FakeLuxeAura,436
Dog Collar,Outdoor & Garden,FakeZenithStyle,939
Oven,Health & Fitness,FakeUrbanGlow,785
Volleyball,Home Appliances,FakeZenithStyle,672
Camping Tent,Health & Fitness,FakeLuxeAura,511
Printer,Health & Fitness,FakeUrbanGlow,909
Helmet,Home & Furniture,FakeZenithStyle,716
Snow Shovel,Home Appliances,FakeEtherealEdge,484
Cooler,Sports & Recreation,FakeEtherealEdge,316
Hammock,Kitchen & Dining,FakeZenithStyle,827
Drone,Pets,FakeZenithStyle,468
Treadmill,Electronics,FakeLuxeAura,626
Bluetooth Speaker,Arts & Crafts,FakeZenithStyle,260
Pet Bed,Outdoor & Garden,FakeVelvetVista,973
Pet Toy,Health & Fitness,FakeLuxeAura,433
Building Blocks,Sports & Recreation,FakeUrbanGlow,622
Electric Shaver,Toys & Games,FakeLuxeAura,585
Life Jacket,Arts & Crafts,FakeVelvetVista,679
Fan,Kitchen & Dining,FakeEtherealEdge,687
Dog House,Kitchen & Dining,FakeEtherealEdge,327
Ski Poles,Health & Fitness,FakeVelvetVista,289
Grill,Pets,FakeVelvetVista,464
Backpacking Stove,Outdoor & Garden,FakeLuxeAura,305
Tent,Pets,FakeZenithStyle,849
Oven,Health & Fitness,FakeZenithStyle,999
Craft Kit,Kitchen & Dining,FakeEtherealEdge,922
Backpack,Toys & Games,FakeLuxeAura,460
Smart Thermostat,Kitchen & Dining,FakeUrbanGlow,853
3D Printer,Health & Fitness,FakeZenithStyle,568
Dumbbells,Sports & Recreation,FakeVelvetVista,635
Board Game,Home Appliances,FakeVelvetVista,957
Badminton Set,Home Appliances,FakeZenithStyle,196
Aquarium,Sports & Recreation,FakeEtherealEdge,473
Surfboard,Toys & Games,FakeVelvetVista,425
Yoga Mat,Home Appliances,FakeUrbanGlow,337
Pillow,Home & Furniture,FakeEtherealEdge,333
Microwave,Home Appliances,FakeVelvetVista,632
Smart Doorbell,Kitchen & Dining,FakeZenithStyle,702
Blender,Sports & Recreation,FakeEtherealEdge,912
Pet Carrier,Kitchen & Dining,FakeVelvetVista,887
Soap,Home & Furniture,FakeEtherealEdge,583
Smart Doorbell,Toys & Games,FakeEtherealEdge,464
Jacket,Home & Furniture,FakeEtherealEdge,878
Pillow,Sports & Recreation,FakeVelvetVista,109
Treadmill,Toys & Games,FakeVelvetVista,444
Sled,Electronics,FakeZenithStyle,668
Rain Jacket,Home Appliances,FakeZenithStyle,452
Projector,Electronics,FakeVelvetVista,828
Keyboard,Arts & Crafts,FakeLuxeAura,190
Smart Doorbell,Sports & Recreation,FakeUrbanGlow,439
Pet Feeder,Health & Fitness,FakeLuxeAura,233
Aquarium,Home & Furniture,FakeUrbanGlow,672
BBQ Grill,Toys & Games,FakeVelvetVista,732
Mattress,Outdoor & Garden,FakeLuxeAura,263
Wetsuit,Sports & Recreation,FakeVelvetVista,420
Art Supplies,Health & Fitness,FakeLuxeAura,322
Tackle Box,Outdoor & Garden,FakeZenithStyle,816
Speaker,Home & Furniture,FakeEtherealEdge,105
VR Headset,Electronics,FakeEtherealEdge,717
Surfboard,Health & Fitness,FakeLuxeAura,169
Supplement,Toys & Games,FakeZenithStyle,459
Toy Car,Pets,FakeVelvetVista,214
Dart Board,Toys & Games,FakeVelvetVista,916
Dog Leash,Health & Fitness,FakeZenithStyle,871
Washing Machine,Health & Fitness,FakeVelvetVista,171
Smart Doorbell,Arts & Crafts,FakeUrbanGlow,419
Printer,Sports & Recreation,FakeVelvetVista,958
Air Purifier,Arts & Crafts,FakeZenithStyle,805
Sleeping Bag,Sports & Recreation,FakeUrbanGlow,797
Smart Light,Pets,FakeZenithStyle,267
Building Blocks,Outdoor & Garden,FakeLuxeAura,393
Coffee Maker,Toys & Games,FakeVelvetVista,414
Badminton Set,Electronics,FakeUrbanGlow,291
Stove,Kitchen & Dining,FakeUrbanGlow,865
Vacuum Cleaner,Health & Fitness,FakeLuxeAura,806
Aquarium,Toys & Games,FakeEtherealEdge,560
Lamp,Home & Furniture,FakeZenithStyle,598
Pet Feeder,Electronics,FakeEtherealEdge,375
Pet Bed,Outdoor & Garden,FakeEtherealEdge,501
Dog Leash,Pets,FakeVelvetVista,572
Volleyball,Sports & Recreation,FakeZenithStyle,292
Volleyball,Sports & Recreation,FakeLuxeAura,716
Hiking Boots,Home & Furniture,FakeVelvetVista,511
Flashlight,Health & Fitness,FakeZenithStyle,347
Telescope,Home & Furniture,FakeVelvetVista,650
Pillow,Pets,FakeZenithStyle,408
Sheets,Outdoor & Garden,FakeUrbanGlow,268
Bird Cage,Arts & Crafts,FakeZenithStyle,719
Camping Chair,Sports & Recreation,FakeEtherealEdge,681
Showerhead,Toys & Games,FakeZenithStyle,939
Board Game,Toys & Games,FakeEtherealEdge,434
Snowboard,Sports & Recreation,FakeVelvetVista,275
Air Purifier,Home & Furniture,FakeEtherealEdge,687
Vacuum Cleaner,Sports & Recreation,FakeVelvetVista,419
Oven,Sports & Recreation,FakeLuxeAura,396
Pet Feeder,Home Appliances,FakeUrbanGlow,830
Microwave,Home Appliances,FakeVelvetVista,340
Baseball Glove,Pets,FakeEtherealEdge,525
Elliptical,Electronics,FakeLuxeAura,714
Garden Hose,Electronics,FakeEtherealEdge,768
Ski Poles,Sports & Recreation,FakeVelvetVista,778
Flashlight,Arts & Crafts,FakeLuxeAura,266
Stove,Pets,FakeVelvetVista,146
Basketball,Toys & Games,FakeUrbanGlow,554
Helmet,Outdoor & Garden,FakeLuxeAura,618
Golf Clubs,Electronics,FakeZenithStyle,585
Camera,Pets,FakeEtherealEdge,941
Humidifier,Outdoor & Garden,FakeUrbanGlow,705
Patio Furniture,Sports & Recreation,FakeVelvetVista,628
Baseball Glove,Toys & Games,FakeUrbanGlow,734
Snowboard,Home & Furniture,FakeUrbanGlow,636
Antivirus,Home & Furniture,FakeUrbanGlow,860
Supplement,Electronics,FakeEtherealEdge,950
Hiking Backpack,Outdoor & Garden,FakeEtherealEdge,304
Cat Litter Box,Outdoor & Garden,FakeUrbanGlow,464
Drone,Toys & Games,FakeZenithStyle,938
Bird Cage,Electronics,FakeUrbanGlow,640
Headphones,Outdoor & Garden,FakeVelvetVista,564
Jacket,Arts & Crafts,FakeUrbanGlow,567
Supplement,Home Appliances,FakeUrbanGlow,477
Tarp,Outdoor & Garden,FakeVelvetVista,348
Paddleboard,Kitchen & Dining,FakeZenithStyle,216
Tablet,Health & Fitness,FakeEtherealEdge,160
Drone,Arts & Crafts,FakeUrbanGlow,776
Sleeping Bag,Home Appliances,FakeZenithStyle,537
Smartwatch,Kitchen & Dining,FakeZenithStyle,377
Earbuds,Sports & Recreation,FakeUrbanGlow,677
Binoculars,Toys & Games,FakeVelvetVista,949
Pet Feeder,Outdoor & Garden,FakeVelvetVista,374
Smart Doorbell,Sports & Recreation,FakeUrbanGlow,486
Thermos,Arts & Crafts,FakeUrbanGlow,470
Blender,Electronics,FakeVelvetVista,296
3D Printer,Toys & Games,FakeZenithStyle,193
Trekking Poles,Arts & Crafts,FakeZenithStyle,978
Portable Hard Drive,Sports & Recreation,FakeEtherealEdge,194
Air Conditioner,Home & Furniture,FakeEtherealEdge,148
Smart Doorbell,Home & Furniture,FakeLuxeAura,644
Drone,Pets,FakeZenithStyle,224
Pet Feeder,Pets,FakeEtherealEdge,276
Air Purifier,Home & Furniture,FakeLuxeAura,143
Badminton Set,Kitchen & Dining,FakeUrbanGlow,627
Game Console,Home Appliances,FakeVelvetVista,851
Golf Clubs,Outdoor & Garden,FakeZenithStyle,169
Pet Toy,Outdoor & Garden,FakeEtherealEdge,356
Refrigerator,Outdoor & Garden,FakeZenithStyle,504
Lawn Mower,Home & Furniture,FakeVelvetVista,647
Electric Toothbrush,Pets,FakeUrbanGlow,356
Kayak,Home Appliances,FakeLuxeAura,341
Washing Machine,Pets,FakeLuxeAura,885
Yoga Mat,Kitchen & Dining,FakeUrbanGlow,365
Badminton Set,Toys & Games,FakeLuxeAura,272
Aquarium,Outdoor & Garden,FakeVelvetVista,765
Robot Vacuum,Toys & Games,FakeZenithStyle,949
Electric Toothbrush,Toys & Games,FakeLuxeAura,989
Glasses,Health & Fitness,FakeVelvetVista,998
Telescope,Electronics,FakeZenithStyle,585
Washing Machine,Pets,FakeUrbanGlow,167
Dog Leash,Outdoor & Garden,FakeLuxeAura,257
Glasses,Electronics,FakeVelvetVista,917
Puzzle,Electronics,FakeZenithStyle,787
Electric Shaver,Sports & Recreation,FakeZenithStyle,215
Bicycle,Kitchen & Dining,FakeVelvetVista,240
Blender,Electronics,FakeEtherealEdge,564
Telescope,Health & Fitness,FakeVelvetVista,160
BBQ Grill,Sports & Recreation,FakeZenithStyle,444
Snorkel Gear,Electronics,FakeVelvetVista,889
Telescope,Toys & Games,FakeEtherealEdge,273
Dog Collar,Outdoor & Garden,FakeLuxeAura,989
Projector,Electronics,FakeEtherealEdge,582
Bed,Sports & Recreation,FakeVelvetVista,374
Suitcase,Home & Furniture,FakeVelvetVista,372
Printer,Electronics,FakeUrbanGlow,172
Dog Collar,Home Appliances,FakeUrbanGlow,420
Treadmill,Arts & Crafts,FakeLuxeAura,908
Garden Hose,Arts & Crafts,FakeVelvetVista,800
Elliptical,Home & Furniture,FakeUrbanGlow,754
Lawn Sprinkler,Kitchen & Dining,FakeEtherealEdge,807
Tent,Electronics,FakeUrbanGlow,597
Printer,Toys & Games,FakeZenithStyle,351
Dumbbells,Sports & Recreation,FakeZenithStyle,998
Toy Car,Home & Furniture,FakeLuxeAura,909
Life Jacket,Kitchen & Dining,FakeLuxeAura,256
Flashlight,Sports & Recreation,FakeVelvetVista,102
Baseball Glove,Kitchen & Dining,FakeLuxeAura,829
Water Bottle,Pets,FakeZenithStyle,375
Hair Dryer,Toys & Games,FakeUrbanGlow,183
Tarp,Kitchen & Dining,FakeUrbanGlow,445
Bed,Toys & Games,FakeVelvetVista,100
Memory Card,Arts & Crafts,FakeUrbanGlow,178
Bicycle,Health & Fitness,FakeEtherealEdge,692
Laptop,Health & Fitness,FakeVelvetVista,470
Dog Leash,Pets,FakeVelvetVista,447
Sleeping Bag,Kitchen & Dining,FakeLuxeAura,575
Suitcase,Arts & Crafts,FakeVelvetVista,948
Board Game,Outdoor & Garden,FakeLuxeAura,618
Pet Carrier,Outdoor & Garden,FakeLuxeAura,589
Pet Toy,Electronics,FakeLuxeAura,569
Air Purifier,Health & Fitness,FakeEtherealEdge,444
Binoculars,Pets,FakeVelvetVista,365
Water Filter,Health & Fitness,FakeUrbanGlow,764
Tablet,Electronics,FakeZenithStyle,292
Tennis Racket,Outdoor & Garden,FakeUrbanGlow,129
Baseball Glove,Home & Furniture,FakeLuxeAura,182
Glasses,Toys & Games,FakeEtherealEdge,238
Oven,Health & Fitness,FakeUrbanGlow,722
Backpack,Kitchen & Dining,FakeZenithStyle,469
Suitcase,Toys & Games,FakeLuxeAura,796
Memory Card,Sports & Recreation,FakeEtherealEdge,162
Projector,Kitchen & Dining,FakeZenithStyle,744
Doll,Outdoor & Garden,FakeUrbanGlow,328
Dog Leash,Kitchen & Dining,FakeZenithStyle,400
Garden Tools,Kitchen & Dining,FakeVelvetVista,187
Coffee Maker,Electronics,FakeZenithStyle,367
Toothpaste,Sports & Recreation,FakeUrbanGlow,694
Art Supplies,Pets,FakeLuxeAura,850
Camping Tent,Arts & Crafts,FakeVelvetVista,812
Microwave,Health & Fitness,FakeZenithStyle,453
Jacket,Arts & Crafts,FakeUrbanGlow,863
Electric Kettle,Health & Fitness,FakeEtherealEdge,590
Ping Pong Table,Health & Fitness,FakeZenithStyle,915
Suitcase,Home Appliances,FakeUrbanGlow,405
Lamp,Home Appliances,FakeLuxeAura,574
Antivirus,Outdoor & Garden,FakeZenithStyle,566
Pillow,Home & Furniture,FakeUrbanGlow,430
Dog House,Kitchen & Dining,FakeUrbanGlow,348
Flashlight,Kitchen & Dining,FakeUrbanGlow,957
Outdoor Umbrella,Outdoor & Garden,FakeZenithStyle,742
Supplement,Toys & Games,FakeUrbanGlow,628
Portable Hard Drive,Pets,FakeZenithStyle,638
Board Game,Electronics,FakeLuxeAura,743
Binoculars,Health & Fitness,FakeUrbanGlow,529
Tackle Box,Sports & Recreation,FakeLuxeAura,844
Bird Feeder,Electronics,FakeVelvetVista,428
Dart Board,Outdoor & Garden,FakeEtherealEdge,525
Power Bank,Home Appliances,FakeZenithStyle,267
Fitness Tracker,Home Appliances,FakeLuxeAura,604
Aquarium,Electronics,FakeEtherealEdge,742
Fan,Sports & Recreation,FakeUrbanGlow,773
Treadmill,Electronics,FakeLuxeAura,396
Portable Hard Drive,Kitchen & Dining,FakeVelvetVista,242
Mattress,Outdoor & Garden,FakeLuxeAura,114
Soap,Pets,FakeEtherealEdge,757
Power Bank,Toys & Games,FakeZenithStyle,180
Electric Kettle,Health & Fitness,FakeUrbanGlow,334
Rain Jacket,Sports & Recreation,FakeEtherealEdge,111
Trekking Poles,Electronics,FakeUrbanGlow,720
Electric Shaver,Pets,FakeEtherealEdge,939
Binoculars,Home Appliances,FakeZenithStyle,945
Electric Toothbrush,Pets,FakeZenithStyle,520
Golf Clubs,Toys & Games,FakeUrbanGlow,478
Coffee Maker,Arts & Crafts,FakeLuxeAura,151
Fan,Outdoor & Garden,FakeUrbanGlow,662
Glasses,Outdoor & Garden,FakeLuxeAura,269
Supplement,Home & Furniture,FakeEtherealEdge,393
Flashlight,Pets,FakeEtherealEdge,972
Game Console,Home Appliances,FakeLuxeAura,858
Electric Scooter,Arts & Crafts,FakeZenithStyle,863
Snow Shovel,Kitchen & Dining,FakeUrbanGlow,901
Lawn Mower,Health & Fitness,FakeVelvetVista,717
Jacket,Pets,FakeLuxeAura,296
Surfboard,Kitchen & Dining,FakeZenithStyle,830
Bed,Kitchen & Dining,FakeUrbanGlow,234
Antivirus,Kitchen & Dining,FakeVelvetVista,363
Soccer Ball,Arts & Crafts,FakeVelvetVista,823
Soccer Ball,Sports & Recreation,FakeZenithStyle,109
Ping Pong Table,Toys & Games,FakeVelvetVista,822
Laptop,Electronics,FakeUrbanGlow,834
Electric Kettle,Sports & Recreation,FakeEtherealEdge,817
Doll,Health & Fitness,FakeVelvetVista,242
Dog Collar,Sports & Recreation,FakeEtherealEdge,200
Pillow,Pets,FakeLuxeAura,331
Water Bottle,Toys & Games,FakeZenithStyle,326
Fishing Rod,Outdoor & Garden,FakeUrbanGlow,220
VR Headset,Kitchen & Dining,FakeZenithStyle,813
Fishing Rod,Outdoor & Garden,FakeLuxeAura,586
Backpacking Stove,Health & Fitness,FakeEtherealEdge,972
Bicycle,Home & Furniture,FakeZenithStyle,493
Cat Tree,Arts & Crafts,FakeUrbanGlow,698
Surfboard,Home Appliances,FakeVelvetVista,859
Grill,Outdoor & Garden,FakeEtherealEdge,109
Microwave,Kitchen & Dining,FakeZenithStyle,651
Power Bank,Toys & Games,FakeVelvetVista,153
Trekking Poles,Home & Furniture,FakeUrbanGlow,682
Router,Sports & Recreation,FakeUrbanGlow,227
Kayak,Pets,FakeVelvetVista,422
Basketball,Home & Furniture,FakeZenithStyle,336
Air Purifier,Sports & Recreation,FakeLuxeAura,834
Pillow,Pets,FakeUrbanGlow,790
Memory Card,Electronics,FakeUrbanGlow,829
Bird Feeder,Home Appliances,FakeLuxeAura,635
Microwave,Sports & Recreation,FakeEtherealEdge,605
Basketball,Health & Fitness,FakeLuxeAura,331
Paddleboard,Arts & Crafts,FakeVelvetVista,132
Game Console,Home Appliances,FakeLuxeAura,264
Volleyball,Kitchen & Dining,FakeUrbanGlow,167
Dishwasher,Kitchen & Dining,FakeZenithStyle,962
Doll,Toys & Games,FakeUrbanGlow,297
Pillow,Pets,FakeLuxeAura,477
Sheets,Home Appliances,FakeEtherealEdge,790
Sleeping Pad,Health & Fitness,FakeLuxeAura,469
Outdoor Umbrella,Home Appliances,FakeEtherealEdge,144
Bluetooth Speaker,Toys & Games,FakeZenithStyle,492
Puzzle,Kitchen & Dining,FakeUrbanGlow,895
Cat Litter Box,Arts & Crafts,FakeEtherealEdge,675
Vacuum Cleaner,Home & Furniture,FakeZenithStyle,965
Camping Chair,Toys & Games,FakeLuxeAura,648
Portable Hard Drive,Home Appliances,FakeVelvetVista,337
Hiking Backpack,Toys & Games,FakeEtherealEdge,423
Hammock,Sports & Recreation,FakeEtherealEdge,598
Flashlight,Outdoor & Garden,FakeUrbanGlow,571
Fan,Home & Furniture,FakeUrbanGlow,982
Baseball Glove,Home Appliances,FakeUrbanGlow,659
Cooler,Kitchen & Dining,FakeVelvetVista,816
Paddleboard,Kitchen & Dining,FakeUrbanGlow,788
Fire Pit,Home Appliances,FakeLuxeAura,776
External SSD,Pets,FakeVelvetVista,195
Doll,Arts & Crafts,FakeVelvetVista,453
Tablet,Home & Furniture,FakeVelvetVista,244
Pet Carrier,Pets,FakeZenithStyle,537
Refrigerator,Electronics,FakeLuxeAura,332
Thermos,Kitchen & Dining,FakeZenithStyle,288
Bed,Pets,FakeZenithStyle,227
BBQ Grill,Health & Fitness,FakeZenithStyle,184
Showerhead,Kitchen & Dining,FakeUrbanGlow,935
Camping Tent,Sports & Recreation,FakeZenithStyle,548
Smart Doorbell,Home Appliances,FakeEtherealEdge,233
Portable Hard Drive,Pets,FakeZenithStyle,583
Smartphone,Home & Furniture,FakeLuxeAura,275
Ice Skates,Arts & Crafts,FakeEtherealEdge,586
Water Bottle,Outdoor & Garden,FakeUrbanGlow,907
Tarp,Pets,FakeVelvetVista,535
Keyboard,Outdoor & Garden,FakeZenithStyle,305
Smart Light,Home Appliances,FakeVelvetVista,406
Hiking Boots,Home & Furniture,FakeVelvetVista,771
Game Console,Toys & Games,FakeUrbanGlow,730
Fishing Rod,Toys & Games,FakeUrbanGlow,332
Sheets,Electronics,FakeEtherealEdge,108
Garden Hose,Arts & Crafts,FakeZenithStyle,817
Earbuds,Toys & Games,FakeVelvetVista,795
Electric Toothbrush,Kitchen & Dining,FakeEtherealEdge,728
Hammock,Kitchen & Dining,FakeLuxeAura,192
Air Purifier,Home & Furniture,FakeZenithStyle,819
Treadmill,Home Appliances,FakeLuxeAura,647
Hammock,Sports & Recreation,FakeEtherealEdge,826
Memory Card,Outdoor & Garden,FakeZenithStyle,922
Yoga Mat,Home & Furniture,FakeVelvetVista,955
Hair Dryer,Outdoor & Garden,FakeVelvetVista,342
Snow Shovel,Kitchen & Dining,FakeZenithStyle,272
Wi-Fi Extender,Outdoor & Garden,FakeZenithStyle,740
Home Security Camera,Arts & Crafts,FakeEtherealEdge,345
3D Printer,Pets,FakeEtherealEdge,620
Lamp,Health & Fitness,FakeEtherealEdge,153
Outdoor Umbrella,Home & Furniture,FakeLuxeAura,418
Blender,Electronics,FakeVelvetVista,822
Rain Jacket,Kitchen & Dining,FakeUrbanGlow,365
Art Supplies,Sports & Recreation,FakeUrbanGlow,976
Headphones,Sports & Recreation,FakeUrbanGlow,735
Trekking Poles,Kitchen & Dining,FakeZenithStyle,854
3D Printer,Home Appliances,FakeEtherealEdge,327
Flashlight,Health & Fitness,FakeZenithStyle,696
3D Printer,Electronics,FakeEtherealEdge,927
Ping Pong Table,Arts & Crafts,FakeEtherealEdge,572
Pillow,Home & Furniture,FakeEtherealEdge,941
Tablet,Toys & Games,FakeEtherealEdge,989
Yoga Mat,Electronics,FakeZenithStyle,506
Ski Goggles,Electronics,FakeZenithStyle,107
Lawn Sprinkler,Toys & Games,FakeLuxeAura,430
Ice Skates,Sports & Recreation,FakeZenithStyle,656
Dart Board,Arts & Crafts,FakeUrbanGlow,543
Tennis Racket,Toys & Games,FakeLuxeAura,181
Dog Leash,Health & Fitness,FakeZenithStyle,155
Home Security Camera,Health & Fitness,FakeVelvetVista,767
Elliptical,Home & Furniture,FakeUrbanGlow,417
Air Purifier,Pets,FakeUrbanGlow,680
Fishing Rod,Home Appliances,FakeVelvetVista,301
Sewing Machine,Arts & Crafts,FakeZenithStyle,258
Dog Collar,Arts & Crafts,FakeVelvetVista,928
Rain Jacket,Sports & Recreation,FakeZenithStyle,449
Speaker,Toys & Games,FakeEtherealEdge,441
Fishing Rod,Sports & Recreation,FakeUrbanGlow,663
Vacuum Cleaner,Pets,FakeVelvetVista,821
Router,Pets,FakeUrbanGlow,713
Board Game,Pets,FakeVelvetVista,298
Trekking Poles,Home Appliances,FakeEtherealEdge,735
Snow Shovel,Kitchen & Dining,FakeEtherealEdge,714
Game Console,Home Appliances,FakeVelvetVista,998
Speaker,Outdoor & Garden,FakeZenithStyle,915
Electric Scooter,Toys & Games,FakeUrbanGlow,390
3D Printer,Electronics,FakeLuxeAura,164
Showerhead,Toys & Games,FakeZenithStyle,759
Dog Leash,Kitchen & Dining,FakeEtherealEdge,247
Earbuds,Home & Furniture,FakeZenithStyle,171
Toothpaste,Kitchen & Dining,FakeVelvetVista,362
Garden Hose,Pets,FakeUrbanGlow,459
Garden Tools,Kitchen & Dining,FakeLuxeAura,565
Outdoor Umbrella,Home & Furniture,FakeLuxeAura,187
Fitness Tracker,Pets,FakeUrbanGlow,877
Microwave,Outdoor & Garden,FakeZenithStyle,162
Refrigerator,Health & Fitness,FakeZenithStyle,807
Speaker,Kitchen & Dining,FakeEtherealEdge,870
Cat Tree,Sports & Recreation,FakeUrbanGlow,649
Dart Board,Pets,FakeEtherealEdge,151
Action Figure,Pets,FakeLuxeAura,566
Tennis Racket,Toys & Games,FakeLuxeAura,694
Snow Shovel,Sports & Recreation,FakeZenithStyle,306
External SSD,Kitchen & Dining,FakeZenithStyle,806
Juicer,Home Appliances,FakeLuxeAura,858
Rain Jacket,Toys & Games,FakeUrbanGlow,662
Electric Car,Toys & Games,FakeUrbanGlow,204
Doll,Home & Furniture,FakeLuxeAura,585
Showerhead,Pets,FakeLuxeAura,742
Backpacking Stove,Pets,FakeEtherealEdge,198
Tennis Racket,Outdoor & Garden,FakeVelvetVista,988
Showerhead,Outdoor & Garden,FakeVelvetVista,773
Home Security Camera,Health & Fitness,FakeVelvetVista,110
Humidifier,Arts & Crafts,FakeVelvetVista,360
Backpack,Toys & Games,FakeZenithStyle,374
Blender,Sports & Recreation,FakeZenithStyle,174
Pet Toy,Pets,FakeVelvetVista,577
BBQ Grill,Health & Fitness,FakeEtherealEdge,823
Electric Toothbrush,Home Appliances,FakeVelvetVista,439
Speaker,Pets,FakeLuxeAura,191
Hiking Boots,Health & Fitness,FakeVelvetVista,112
Smart Thermostat,Outdoor & Garden,FakeEtherealEdge,377
Bluetooth Speaker,Arts & Crafts,FakeZenithStyle,849
Telescope,Home & Furniture,FakeUrbanGlow,317
Cooler,Pets,FakeLuxeAura,235
Dishwasher,Kitchen & Dining,FakeUrbanGlow,993
Tarp,Home Appliances,FakeZenithStyle,279
Robot Vacuum,Home Appliances,FakeUrbanGlow,319
Craft Kit,Outdoor & Garden,FakeLuxeAura,180
Blender,Sports & Recreation,FakeUrbanGlow,269
Water Filter,Home & Furniture,FakeEtherealEdge,109
Dehumidifier,Home Appliances,FakeVelvetVista,678
Mattress,Outdoor & Garden,FakeEtherealEdge,562
Hair Dryer,Health & Fitness,FakeVelvetVista,133
Camping Tent,Arts & Crafts,FakeVelvetVista,682
Ping Pong Table,Outdoor & Garden,FakeZenithStyle,223
Cooler,Sports & Recreation,FakeZenithStyle,484
Hair Dryer,Pets,FakeUrbanGlow,985
Volleyball,Home & Furniture,FakeZenithStyle,363
Camping Tent,Arts & Crafts,FakeZenithStyle,180
Board Game,Toys & Games,FakeVelvetVista,882
Wetsuit,Toys & Games,FakeUrbanGlow,777
Surfboard,Kitchen & Dining,FakeLuxeAura,983
Headphones,Pets,FakeEtherealEdge,850
Jacket,Home & Furniture,FakeEtherealEdge,397
Rain Jacket,Home & Furniture,FakeUrbanGlow,942
Supplement,Toys & Games,FakeLuxeAura,842
Mattress,Kitchen & Dining,FakeVelvetVista,142
Juicer,Home Appliances,FakeEtherealEdge,500
Flashlight,Home Appliances,FakeUrbanGlow,262
Telescope,Pets,FakeEtherealEdge,597
Backpacking Stove,Kitchen & Dining,FakeVelvetVista,347
Supplement,Arts & Crafts,FakeLuxeAura,772
Baseball Glove,Home & Furniture,FakeLuxeAura,282
Router,Pets,FakeEtherealEdge,159
Laptop,Toys & Games,FakeVelvetVista,650
Showerhead,Home & Furniture,FakeLuxeAura,673
Glasses,Home Appliances,FakeVelvetVista,288
Speaker,Arts & Crafts,FakeVelvetVista,747
Fire Pit,Kitchen & Dining,FakeZenithStyle,587
3D Printer,Arts & Crafts,FakeLuxeAura,297
Smart Doorbell,Outdoor & Garden,FakeLuxeAura,245
Action Figure,Home & Furniture,FakeLuxeAura,761
Surfboard,Health & Fitness,FakeZenithStyle,277
Supplement,Home & Furniture,FakeVelvetVista,740
Oven,Arts & Crafts,FakeEtherealEdge,660
Smartwatch,Pets,FakeVelvetVista,578
Pet Toy,Arts & Crafts,FakeUrbanGlow,199
Building Blocks,Outdoor & Garden,FakeVelvetVista,400
Air Purifier,Arts & Crafts,FakeZenithStyle,386
Hiking Backpack,Arts & Crafts,FakeZenithStyle,163
Sheets,Health & Fitness,FakeUrbanGlow,653
Hair Dryer,Outdoor & Garden,FakeZenithStyle,559
Bed,Outdoor & Garden,FakeUrbanGlow,897
Pet Bed,Health & Fitness,FakeUrbanGlow,525
Sheets,Home & Furniture,FakeZenithStyle,920
Memory Card,Sports & Recreation,FakeLuxeAura,284
Drone,Arts & Crafts,FakeUrbanGlow,244
Kayak,Electronics,FakeUrbanGlow,796
Hiking Backpack,Electronics,FakeVelvetVista,571
Portable Hard Drive,Health & Fitness,FakeUrbanGlow,820
Camping Chair,Home & Furniture,FakeEtherealEdge,611
Microwave,Outdoor & Garden,FakeUrbanGlow,894
Keyboard,Outdoor & Garden,FakeLuxeAura,246
Projector,Pets,FakeZenithStyle,833
Electric Car,Pets,FakeEtherealEdge,499
Smartphone,Kitchen & Dining,FakeVelvetVista,752
Volleyball,Toys & Games,FakeVelvetVista,248
Dishwasher,Home Appliances,FakeVelvetVista,439
Showerhead,Home Appliances,FakeUrbanGlow,796
Smart Light,Home Appliances,FakeUrbanGlow,787
Monitor,Kitchen & Dining,FakeUrbanGlow,887
Suitcase,Health & Fitness,FakeZenithStyle,609
Jacket,Kitchen & Dining,FakeUrbanGlow,753
Thermos,Kitchen & Dining,FakeVelvetVista,758
Lawn Sprinkler,Kitchen & Dining,FakeUrbanGlow,289
Electric Car,Health & Fitness,FakeUrbanGlow,110
Kayak,Kitchen & Dining,FakeLuxeAura,675
Electric Scooter,Toys & Games,FakeVelvetVista,675
Camping Tent,Home Appliances,FakeEtherealEdge,898
Robot Vacuum,Arts & Crafts,FakeLuxeAura,111
Portable Charger,Kitchen & Dining,FakeUrbanGlow,865
Electric Scooter,Home Appliances,FakeVelvetVista,655
Game Console,Home Appliances,FakeZenithStyle,225
Wi-Fi Extender,Kitchen & Dining,FakeEtherealEdge,664
Doll,Pets,FakeLuxeAura,937
Humidifier,Kitchen & Dining,FakeEtherealEdge,252
Power Bank,Kitchen & Dining,FakeLuxeAura,175
Action Figure,Toys & Games,FakeUrbanGlow,526
Outdoor Umbrella,Electronics,FakeZenithStyle,551
Power Bank,Electronics,FakeEtherealEdge,591
Bird Feeder,Arts & Crafts,FakeEtherealEdge,248
Router,Toys & Games,FakeUrbanGlow,184
Pillow,Kitchen & Dining,FakeLuxeAura,243
Bird Feeder,Toys & Games,FakeLuxeAura,138
Washing Machine,Home Appliances,FakeVelvetVista,986
BBQ Grill,Sports & Recreation,FakeUrbanGlow,944
Flashlight,Sports & Recreation,FakeLuxeAura,632
Tackle Box,Home Appliances,FakeEtherealEdge,321
Ping Pong Table,Health & Fitness,FakeEtherealEdge,406
Snow Shovel,Sports & Recreation,FakeEtherealEdge,900
Hiking Boots,Pets,FakeUrbanGlow,236
Sleeping Bag,Home Appliances,FakeLuxeAura,217
Surfboard,Home & Furniture,FakeVelvetVista,258
Fire Pit,Pets,FakeUrbanGlow,485
Water Bottle,Sports & Recreation,FakeZenithStyle,634
Backpacking Stove,Health & Fitness,FakeLuxeAura,177
Ski Poles,Pets,FakeUrbanGlow,248
3D Printer,Outdoor & Garden,FakeUrbanGlow,624
Ski Poles,Home & Furniture,FakeEtherealEdge,220
Dog Collar,Pets,FakeEtherealEdge,536
Air Conditioner,Kitchen & Dining,FakeEtherealEdge,807
Juicer,Home Appliances,FakeLuxeAura,676
Water Bottle,Home & Furniture,FakeZenithStyle,756
Electric Scooter,Arts & Crafts,FakeLuxeAura,123
Toy Car,Outdoor & Garden,FakeEtherealEdge,336
Baseball Glove,Sports & Recreation,FakeEtherealEdge,774
Trekking Poles,Home Appliances,FakeLuxeAura,538
Washing Machine,Home Appliances,FakeLuxeAura,856
Doll,Sports & Recreation,FakeLuxeAura,226
Washing Machine,Electronics,FakeUrbanGlow,286
Juicer,Pets,FakeUrbanGlow,103
Hammock,Electronics,FakeLuxeAura,660
Drone,Electronics,FakeLuxeAura,541
Hammock,Kitchen & Dining,FakeZenithStyle,399
Basketball,Sports & Recreation,FakeEtherealEdge,129
Paddleboard,Pets,FakeEtherealEdge,514
Humidifier,Sports & Recreation,FakeLuxeAura,430
Backpack,Outdoor & Garden,FakeLuxeAura,815
Keyboard,Outdoor & Garden,FakeVelvetVista,825
Lamp,Electronics,FakeVelvetVista,720
Sled,Electronics,FakeEtherealEdge,322
Fire Pit,Pets,FakeVelvetVista,660
Jacket,Electronics,FakeVelvetVista,947
Outdoor Umbrella,Electronics,FakeLuxeAura,888
Helmet,Arts & Crafts,FakeUrbanGlow,970
Lawn Sprinkler,Health & Fitness,FakeUrbanGlow,374
Glasses,Toys & Games,FakeUrbanGlow,421
Ping Pong Table,Outdoor & Garden,FakeZenithStyle,927
Fire Pit,Sports & Recreation,FakeZenithStyle,287
Electric Car,Health & Fitness,FakeLuxeAura,827
Showerhead,Kitchen & Dining,FakeLuxeAura,294
Board Game,Electronics,FakeUrbanGlow,821
Tablet,Outdoor & Garden,FakeLuxeAura,132
Fishing Rod,Home Appliances,FakeEtherealEdge,947
Electric Kettle,Arts & Crafts,FakeVelvetVista,897
Hiking Backpack,Sports & Recreation,FakeZenithStyle,646
Helmet,Health & Fitness,FakeEtherealEdge,327
3D Printer,Kitchen & Dining,FakeVelvetVista,719
Showerhead,Arts & Crafts,FakeEtherealEdge,291
Pet Feeder,Home & Furniture,FakeLuxeAura,845
Action Figure,Home & Furniture,FakeZenithStyle,960
Smart Thermostat,Electronics,FakeUrbanGlow,649
Game Console,Arts & Crafts,FakeEtherealEdge,634
Smart Light,Kitchen & Dining,FakeEtherealEdge,413
Flashlight,Outdoor & Garden,FakeVelvetVista,323
Laptop,Sports & Recreation,FakeZenithStyle,420
Portable Charger,Outdoor & Garden,FakeUrbanGlow,661
Glasses,Health & Fitness,FakeEtherealEdge,113
Telescope,Toys & Games,FakeEtherealEdge,704
Smart Light,Health & Fitness,FakeEtherealEdge,141
Drone,Electronics,FakeUrbanGlow,983
Trekking Poles,Arts & Crafts,FakeUrbanGlow,496
Doll,Pets,FakeZenithStyle,565
Cat Litter Box,Pets,FakeZenithStyle,850
Ski Poles,Electronics,FakeLuxeAura,476
Lawn Sprinkler,Health & Fitness,FakeUrbanGlow,607
Thermos,Arts & Crafts,FakeEtherealEdge,966
Garden Hose,Electronics,FakeEtherealEdge,324
Camping Chair,Home & Furniture,FakeVelvetVista,346
Elliptical,Health & Fitness,FakeLuxeAura,611
Home Security Camera,Arts & Crafts,FakeZenithStyle,641
Home Security Camera,Kitchen & Dining,FakeUrbanGlow,395
Electric Shaver,Home Appliances,FakeUrbanGlow,655
Backpack,Health & Fitness,FakeZenithStyle,696
Pet Bed,Outdoor & Garden,FakeLuxeAura,652
Stove,Health & Fitness,FakeZenithStyle,556
Hiking Backpack,Home Appliances,FakeUrbanGlow,869
Dog House,Electronics,FakeEtherealEdge,947
Jacket,Outdoor & Garden,FakeZenithStyle,522
Tackle Box,Electronics,FakeZenithStyle,767
Bird Cage,Home Appliances,FakeEtherealEdge,452
Projector,Outdoor & Garden,FakeUrbanGlow,223
Electric Scooter,Outdoor & Garden,FakeZenithStyle,751
Supplement,Electronics,FakeLuxeAura,486
Cooler,Electronics,FakeUrbanGlow,226
BBQ Grill,Arts & Crafts,FakeZenithStyle,469
Golf Clubs,Home Appliances,FakeEtherealEdge,855
Juicer,Health & Fitness,FakeZenithStyle,441
Bed,Home & Furniture,FakeUrbanGlow,905
Sleeping Pad,Outdoor & Garden,FakeZenithStyle,296
Aquarium,Electronics,FakeUrbanGlow,335
Refrigerator,Health & Fitness,FakeZenithStyle,603
Vacuum Cleaner,Outdoor & Garden,FakeLuxeAura,691
Suitcase,Home & Furniture,FakeZenithStyle,604
Dumbbells,Pets,FakeUrbanGlow,769
Pet Carrier,Sports & Recreation,FakeEtherealEdge,707
Wetsuit,Sports & Recreation,FakeUrbanGlow,233
Trekking Poles,Home & Furniture,FakeEtherealEdge,132
Kayak,Home Appliances,FakeLuxeAura,348
Blender,Home Appliances,FakeZenithStyle,975
Yoga Mat,Toys & Games,FakeLuxeAura,811
Robot Vacuum,Health & Fitness,FakeVelvetVista,179
Blender,Sports & Recreation,FakeLuxeAura,461
Sled,Health & Fitness,FakeZenithStyle,451
Snorkel Gear,Pets,FakeLuxeAura,113
Tarp,Home & Furniture,FakeUrbanGlow,394
Headphones,Outdoor & Garden,FakeVelvetVista,226
Bluetooth Speaker,Kitchen & Dining,FakeEtherealEdge,169
Hammock,Electronics,FakeZenithStyle,893
Dog Leash,Home & Furniture,FakeLuxeAura,601
Rain Jacket,Outdoor & Garden,FakeLuxeAura,730
Pet Feeder,Sports & Recreation,FakeZenithStyle,493
Ski Goggles,Home & Furniture,FakeVelvetVista,596
Laptop,Pets,FakeUrbanGlow,856
Water Filter,Kitchen & Dining,FakeVelvetVista,219
Home Security Camera,Outdoor & Garden,FakeEtherealEdge,894
Board Game,Electronics,FakeUrbanGlow,253
Sleeping Pad,Home Appliances,FakeVelvetVista,410
Dog Leash,Sports & Recreation,FakeUrbanGlow,239
Paddleboard,Home & Furniture,FakeEtherealEdge,172
Helmet,Pets,FakeLuxeAura,394
Pet Carrier,Arts & Crafts,FakeVelvetVista,187
Laser Printer,Home Appliances,FakeLuxeAura,965
Dehumidifier,Sports & Recreation,FakeVelvetVista,960
Fan,Home & Furniture,FakeUrbanGlow,985
Dog Leash,Toys & Games,FakeUrbanGlow,947
Thermos,Outdoor & Garden,FakeZenithStyle,527
Keyboard,Pets,FakeVelvetVista,646
Antivirus,Home & Furniture,FakeUrbanGlow,826
Dog Collar,Arts & Crafts,FakeEtherealEdge,489
Electric Shaver,Pets,FakeUrbanGlow,345
Drone,Pets,FakeUrbanGlow,992
Dog Leash,Arts & Crafts,FakeEtherealEdge,120
Glasses,Electronics,FakeZenithStyle,849
Speaker,Home Appliances,FakeZenithStyle,294
Sleeping Bag,Pets,FakeEtherealEdge,972
Electric Shaver,Health & Fitness,FakeZenithStyle,628
Tennis Racket,Arts & Crafts,FakeZenithStyle,598
Printer,Health & Fitness,FakeZenithStyle,491
Drone,Arts & Crafts,FakeZenithStyle,432
Action Figure,Arts & Crafts,FakeLuxeAura,520
Fishing Rod,Sports & Recreation,FakeUrbanGlow,536
Power Bank,Pets,FakeUrbanGlow,558
Sled,Arts & Crafts,FakeUrbanGlow,321
Bluetooth Speaker,Kitchen & Dining,FakeVelvetVista,212
Lamp,Home Appliances,FakeZenithStyle,620
Cat Tree,Toys & Games,FakeUrbanGlow,255
Tennis Racket,Arts & Crafts,FakeVelvetVista,858
Treadmill,Kitchen & Dining,FakeZenithStyle,564
Wi-Fi Extender,Toys & Games,FakeUrbanGlow,378
Portable Hard Drive,Pets,FakeEtherealEdge,594
Fitness Tracker,Home Appliances,FakeLuxeAura,305
Sewing Machine,Toys & Games,FakeUrbanGlow,579
Wetsuit,Pets,FakeUrbanGlow,445
Dart Board,Arts & Crafts,FakeVelvetVista,633
Paddleboard,Kitchen & Dining,FakeZenithStyle,606
Paddleboard,Electronics,FakeEtherealEdge,112
Pet Bed,Kitchen & Dining,FakeLuxeAura,846
Game Console,Kitchen & Dining,FakeEtherealEdge,271
Camping Chair,Kitchen & Dining,FakeUrbanGlow,221
Electric Kettle,Home Appliances,FakeZenithStyle,600
Snow Shovel,Toys & Games,FakeVelvetVista,580
Pet Feeder,Sports & Recreation,FakeZenithStyle,153
Portable Hard Drive,Arts & Crafts,FakeZenithStyle,228
